999999988250,CAMEL CRUSH BLACK AND BLUE BOX KING SIZE
999999988251,CAMEL CRUSH BLACK AND BLUE BOX 100S
999999988252,CAMEL CRUSH MENTHOL FILTERS WHITE BOX KING SIZE
999999988253,CAMEL CRUSH MENTHOL FILTERS WHITE BOX 100S
999999988254,CAMEL CRUSH MENTHOL GREEN BOX KING SIZE
999999988255,CAMEL CRUSH MENTHOL GREEN BOX 100S
999999988256,CAMEL BLUE TURKISH AND DOMESTIC BLEND KING SIZE
999999988257,CAMEL BLUE 99S TURKISH AND DOMESTIC BLEND 100S
999999988258,CAMEL FILTERS KING SIZE
999999988259,CAMEL FILTERS 100S
999999988260,CAMEL RED TURKISH BLEND KING SIZE
999999988261,CAMEL RED TURKISH BLEND 100S
999999988262,CAMEL YELLOW TURKISH BLEND KING SIZE
999999988263,CAMEL YELLOW TURKISH BLEND 100S
999999988264,CAMEL GREEN TURKISH BLEND KING SIZE
999999988265,CAMEL GREEN TURKISH BLEND 100S
999999988266,CAMEL SILVER TURKISH BLEND KING SIZE
999999988267,CAMEL SILVER TURKISH BLEND 100S
999999988268,CAMEL JADE SILVER TURKISH BLEND KING SIZE
999999988269,CAMEL JADE SILVER TURKISH BLEND 100S
999999988270,CAMEL RED SMOOTH TASTE BOX KING SIZE
999999988271,CAMEL RED SMOOTH TASTE BOX 100S
999999988272,CAMEL NO.9 MENTHE KING SIZE
999999988273,CAMEL NO.9 MENTHE 100S
999999988274,CAMEL NO.9 KING SIZE
999999988275,CAMEL NO.9 100S
999999988276,CAMEL WIDES BLUE KING SIZE
999999988277,CAMEL WIDES BLUE 100S
999999988278,CAMEL WIDES RED KING SIZE
999999988279,CAMEL WIDES RED 100S
999999988286,KOOL GREEN BOX FILTER KING SIZE
999999988287,KOOL BLUE BOX MILDS KING SIZE
999999988288,NEWPORT SMOOTH SELECT KING SIZE
999999988289,NEWPORT SMOOTH SELECT 100S
999999988290,NEWPORT WHITE AND GREEN BOX KING SIZE
999999988291,NEWPORT WHITE AND GREEN BOX 100S
999999988292,NEWPORT MENTHOL GOLD GREEN BOX KING SIZE
999999988293,NEWPORT MENTHOL GOLD GREEN BOX 100S
999999988294,NEWPORT WHITE AND RED BOX KING SIZE
999999988295,NEWPORT WHITE AND RED BOX 100S
999999988296,NEWPORT WHITE AND YELLOW BOX KING SIZE
999999988297,NEWPORT WHITE AND YELLOW BOX100S
999999988298,NEWPORT PLATINUM BLUE BOX KING SIZE
999999988299,NEWPORT PLATINUM BLUE BOX 100S
999999988300,NEWPORT PLATINUM SILVER AND BLUE BOX KING SIZE
999999988301,NEWPORT PLATINUM SILVER AND BLUE BOX 100S
999999988302,NEWPORT MENTHOL BLUE KING SIZE
999999988303,NEWPORT MENTHOL BLUE 100S
999999988304,WINSTON NATURALLY SMOOTH RED BOX KING SIZE
999999988305,WINSTON NATURALLY SMOOTH RED BOX 100S
999999988306,WINSTON BLACK BOLD BOX KING SIZE
999999988307,WINSTON BLACK BOLD BOX 100S
999999988308,WINSTON SELECT BLEND KINGS SIZE
999999988309,WINSTON SELECT BLEND 100S
999999988310,WINSTON NATURALLY SMOOTH WHITE BOX KING SIZE
999999988311,WINSTON NATURALLY SMOOTH WHITE BOX 100S
999999988312,WINSTON NATURALLY SMOOTH GOLD BOX KING SIZE
999999988313,WINSTON NATURALLY SMOOTH GOLD BOX 100S
999999988314,KOOL GREEN BOX FILTER 100s
999999988315,KOOL BLUE BOX MILDS 100s
999999988321,CAMEL CRUSH BLACK AND GREEN BOX KING SIZE
999999988322,CAMEL CRUSH BLACK AND GREEN BOX 100S
999999988323,WINSTON GOLD KING SIZE
999999988324,WINSTON GOLD 100S
999999988325,CAMEL FILTERS TURKISH AND DOMESTIC BLEND KING SIZE
999999988326,CAMEL FILTERS 99S TURKISH AND DOMESTIC BLEND 100S
999999988327,NEWPORT WHITE AND LIGHT GREEN BOX KING SIZE
999999988328,NEWPORT WHITE AND LIGHT GREEN BOX 100S
999999988329,NEWPORT WHITE AND LIGHT BLUE BOX KING SIZE
999999988330,NEWPORT WHITE AND LIGHT BLUE BOX 100S
999999988331,CAMEL PLATINUM SILVER BORDER WHITE BOX KING SIZE
999999988332,CAMEL PLATINUM SILVER BORDER WHITE BOX 100S
999999988333,CAMEL WIDES GREEN KING SIZE
999999988334,CAMEL WIDES GREEN 100S
999999988335,CAMEL FILTERS WIDES KING SIZE
999999988336,CAMEL FILTERS WIDES 100S
999999988337,CAMEL BLUE KING SIZE
999999988338,CAMEL BLUE 100S
999999988346,CAMEL FLIPTOPS
999999988347,NEWPORT FLIPTOPS
999999988348,WINSTON FLIPTOPS
999999988349,KOOL FLIPTOPS
